Id,ActivityDate,TotalSteps,Calories
1503960366,2016-05-05,14070,1959
1503960366,2016-03-30,10970,1820
1503960366,2016-04-01,12262,1868
1503960366,2016-04-09,12432,1883
1503960366,2016-05-01,10602,1820
1503960366,2016-04-19,15506,2035
1503960366,2016-03-31,12256,1889
1503960366,2016-04-26,13755,1970
1503960366,2016-05-04,11100,1819
1503960366,2016-04-05,14844,2083
1503960366,2016-04-15,9762,1745
1503960366,2016-04-11,10990,1811
1503960366,2016-04-07,10198,1755
1503960366,2016-03-25,11004,1819
1503960366,2016-04-24,10039,1788
1503960366,2016-04-20,10544,1786
1503960366,2016-05-08,10060,1740
1503960366,2016-04-04,14557,2030
1503960366,2016-05-09,12022,1819
1503960366,2016-05-07,11992,1821
1503960366,2016-05-06,12159,1896
1503960366,2016-05-03,15103,1990
1503960366,2016-04-30,14673,1947
1503960366,2016-04-10,10057,1755
1503960366,2016-04-12,13162,1985
1503960366,2016-04-21,9819,1775
1503960366,2016-05-02,14727,2004
1503960366,2016-04-13,10735,1797
1503960366,2016-03-27,12736,1944
1503960366,2016-04-25,15355,2013
1503960366,2016-04-17,9705,1728
1503960366,2016-05-10,12207,1859
1503960366,2016-04-23,14371,1949
1503960366,2016-04-29,11181,1837
1503960366,2016-04-02,11248,1843
1503960366,2016-04-27,18134,2159
1503960366,2016-04-16,12669,1863
1503960366,2016-04-08,12521,1895
1503960366,2016-04-14,10460,1776
1503960366,2016-04-28,13154,1898
1503960366,2016-04-03,10016,1850
1503960366,2016-03-28,13231,1932
1503960366,2016-05-11,12770,1783
1503960366,2016-03-26,17609,2154
1503960366,2016-04-06,11974,1861
1503960366,2016-03-29,12041,1886
1503960366,2016-04-22,12764,1827
1503960366,2016-04-18,13019,1921
1624580081,2016-04-08,6344,1409
1624580081,2016-05-08,3427,1427
1624580081,2016-04-22,4026,1470
1624580081,2016-05-01,36019,2690
1624580081,2016-04-02,1556,1327
1624580081,2016-05-07,2104,1474
1624580081,2016-03-25,1810,1373
1624580081,2016-04-10,3910,1555
1624580081,2016-05-04,2193,1368
1624580081,2016-05-06,1727,1341
1624580081,2016-04-29,2390,1404
1624580081,2016-03-28,1905,1342
1624580081,2016-04-28,2759,1401
1624580081,2016-04-14,9107,1572
1624580081,2016-05-05,2470,1370
1624580081,2016-05-03,2100,1334
1624580081,2016-05-12,2971,1002
1624580081,2016-04-11,10000,1469
1624580081,2016-03-31,4506,1498
1624580081,2016-04-05,1335,1308
1624580081,2016-04-15,1510,1344
1624580081,2016-03-27,1985,1350
1624580081,2016-03-30,1675,1313
1624580081,2016-04-21,6349,1467
1624580081,2016-04-25,6497,1492
1624580081,2016-04-17,6175,1554
1624580081,2016-04-12,8163,1432
1624580081,2016-04-13,7007,1411
1624580081,2016-04-19,2916,1435
1624580081,2016-04-03,2910,1452
1624580081,2016-04-04,18464,1574
1624580081,2016-04-06,1004,1276
1624580081,2016-04-01,9218,1541
1624580081,2016-05-02,7155,1497
1624580081,2016-05-09,1732,1328
1624580081,2016-04-18,10536,1604
1624580081,2016-03-29,1552,1300
1624580081,2016-05-10,2969,1393
1624580081,2016-05-11,3134,1359
1624580081,2016-04-09,3572,1370
1624580081,2016-04-27,8367,1670
1624580081,2016-04-23,8538,1562
1624580081,2016-03-26,815,1264
1624580081,2016-04-07,1111,1278
1624580081,2016-04-16,5370,1463
1624580081,2016-04-30,6474,1655
1624580081,2016-04-20,4974,1446
1624580081,2016-04-26,2826,1402
1624580081,2016-04-24,6076,1617
1644430081,2016-05-09,6643,3008
1644430081,2016-04-26,9919,3123
1644430081,2016-04-25,3580,2497
1644430081,2016-04-18,7132,2806
1644430081,2016-04-09,13840,3290
1644430081,2016-04-13,8001,2902
1644430081,2016-04-02,20237,4029
1644430081,2016-04-12,10694,3199
1644430081,2016-05-05,4363,2463
1644430081,2016-04-19,11256,3300
1644430081,2016-04-28,9405,3108
1644430081,2016-04-27,3032,2489
1644430081,2016-04-30,18213,3846
1644430081,2016-05-08,6724,2987
1644430081,2016-04-14,11037,3226
1644430081,2016-04-07,11166,3202
1644430081,2016-05-11,1329,1276
1644430081,2016-05-04,2309,2222
1644430081,2016-04-16,15300,3493
1644430081,2016-04-15,5263,2750
1644430081,2016-05-01,6132,2696
1644430081,2016-04-29,3176,2498
1644430081,2016-04-23,6637,2677
1644430081,2016-05-02,3758,2580
1644430081,2016-04-22,3673,2344
1644430081,2016-04-05,9921,3098
1644430081,2016-04-03,12912,3436
1644430081,2016-04-21,1223,2140
1644430081,2016-05-06,9787,3328
1644430081,2016-04-04,2819,2444
1644430081,2016-04-08,7842,2928
1644430081,2016-05-10,9167,2799
1644430081,2016-05-07,13372,3404
1644430081,2016-04-24,3321,2413
1644430081,2016-04-20,2436,2430
1644430081,2016-04-06,8046,2925
1644430081,2016-04-17,8757,3011
1644430081,2016-04-10,1329,489
1644430081,2016-04-01,4636,3323
1644430081,2016-05-03,12850,3324
1844505072,2016-04-16,3414,1657
1844505072,2016-04-13,4929,1860
1844505072,2016-04-02,5367,1889
1844505072,2016-05-06,44,1351
1844505072,2016-04-03,2841,1636
1844505072,2016-04-09,4979,1807
1844505072,2016-04-15,3844,1725
1844505072,2016-04-08,5316,1824
1844505072,2016-04-21,8054,2062
1844505072,2016-04-23,3570,1645
1844505072,2016-04-14,7937,2130
1844505072,2016-04-22,5372,1827
1844505072,2016-04-28,6907,1992
1844505072,2016-04-06,7,1349
1844505072,2016-04-07,6344,1965
1844505072,2016-04-20,8,1349
1844505072,2016-04-29,4920,1856
1844505072,2016-04-17,4525,1793
1844505072,2016-04-30,4014,1763
1844505072,2016-05-03,4059,1742
1844505072,2016-04-18,4597,1814
1844505072,2016-04-27,4,1348
1844505072,2016-04-11,5430,1888
1844505072,2016-04-12,6697,2030
1844505072,2016-05-04,2080,1549
1844505072,2016-04-10,6556,1971
1844505072,2016-05-05,2237,1589
1844505072,2016-04-01,6847,1969
1844505072,2016-04-19,197,1366
1844505072,2016-05-01,2573,1541
1927972279,2016-04-26,3761,2638
1927972279,2016-05-07,1510,2229
1927972279,2016-04-01,4317,2590
1927972279,2016-04-23,2945,2499
1927972279,2016-04-25,152,2100
1927972279,2016-05-03,1326,2195
1927972279,2016-04-08,519,2088
1927972279,2016-04-07,768,2130
1927972279,2016-05-02,3790,2505
1927972279,2016-04-06,1259,2202
1927972279,2016-04-14,2163,2383
1927972279,2016-04-13,356,2151
1927972279,2016-04-04,2352,2380
1927972279,2016-05-04,1786,2338
1927972279,2016-04-10,2105,2442
1927972279,2016-04-18,244,2111
1927972279,2016-04-11,1209,2255
1927972279,2016-04-28,1675,2351
1927972279,2016-05-01,2704,2411
1927972279,2016-04-03,3198,2449
1927972279,2016-04-02,5662,2783
1927972279,2016-04-12,678,2220
1927972279,2016-04-24,2090,2324
1927972279,2016-04-15,980,2221
1927972279,2016-04-22,149,2093
1927972279,2016-04-05,2234,2344
1927972279,2016-05-06,2091,2383
1927972279,2016-04-09,2523,2443
2022484408,2016-04-26,10119,2793
2022484408,2016-04-17,15112,2782
2022484408,2016-05-09,13379,2709
2022484408,2016-04-02,5477,2040
2022484408,2016-04-08,13023,2577
2022484408,2016-04-16,10100,2177
2022484408,2016-04-20,15112,2897
2022484408,2016-05-04,11768,2649
2022484408,2016-05-12,9117,1853
2022484408,2016-04-24,13481,2529
2022484408,2016-04-09,16267,2811
2022484408,2016-04-03,11144,2395
2022484408,2016-04-13,12024,2601
2022484408,2016-04-22,12954,2638
2022484408,2016-04-12,11875,2390
2022484408,2016-04-04,15313,2581
2022484408,2016-04-11,10106,2568
2022484408,2016-04-25,11369,2470
2022484408,2016-05-10,12798,2797
2022484408,2016-04-10,10005,2458
2022484408,2016-04-30,18387,2732
2022484408,2016-04-18,14131,2770
2022484408,2016-05-03,12183,2752
2022484408,2016-04-14,10690,2312
2022484408,2016-04-29,10245,2611
2022484408,2016-05-02,10379,2473
2022484408,2016-05-11,13272,2544
2022484408,2016-04-06,15392,2733
2022484408,2016-04-27,10159,2463
2022484408,2016-04-28,10140,2296
2022484408,2016-05-05,11895,2609
2022484408,2016-04-21,12453,3158
2022484408,2016-04-05,10805,2735
2022484408,2016-04-15,11034,2525
2022484408,2016-04-01,13603,2645
2022484408,2016-05-08,3292,1848
2022484408,2016-04-23,6001,2069
2022484408,2016-04-19,11548,2489
2022484408,2016-05-06,10227,2498
2022484408,2016-04-07,18247,3021
2022484408,2016-05-07,6708,1995
2022484408,2016-05-01,10538,2380
2026352035,2016-04-30,4729,1506
2026352035,2016-04-04,6679,1583
2026352035,2016-04-02,1229,1237
2026352035,2016-04-23,12357,1916
2026352035,2016-04-28,6375,1649
2026352035,2016-05-06,8198,1736
2026352035,2016-05-01,3609,1447
2026352035,2016-04-16,2547,1373
2026352035,2016-04-20,7222,1667
2026352035,2016-04-17,838,1214
2026352035,2016-04-25,6017,1576
2026352035,2016-04-06,3180,1421
2026352035,2016-04-24,3490,1401
2026352035,2016-04-18,3325,1419
2026352035,2016-04-15,3821,1444
2026352035,2016-05-02,7018,1690
2026352035,2016-04-09,3098,1413
2026352035,2016-05-07,4193,1491
2026352035,2016-04-10,5142,1515
2026352035,2016-04-19,2424,1356
2026352035,2016-04-08,3762,1425
2026352035,2016-04-27,6088,1593
2026352035,2016-04-26,5933,1595
2026352035,2016-04-22,2915,1399
2026352035,2016-04-11,3279,1405
2026352035,2016-05-12,8891,1364
2026352035,2016-04-29,7604,1692
2026352035,2016-04-21,2467,1370
2026352035,2016-05-10,254,1141
2026352035,2016-04-12,4414,1459
2026352035,2016-05-05,12167,1926
2026352035,2016-04-05,5645,1538
2026352035,2016-05-03,5992,1604
2026352035,2016-04-07,2767,1392
2026352035,2016-04-13,4993,1521
2026352035,2016-05-04,6564,1658
2026352035,2016-05-08,5528,1555
2026352035,2016-05-11,8580,1698
2026352035,2016-04-01,2605,1407
2026352035,2016-04-14,3335,1431
2026352035,2016-04-03,2308,1330
2026352035,2016-05-09,10685,1869
2320127002,2016-05-09,3090,1630
2320127002,2016-05-11,6424,1903
2320127002,2016-04-25,3588,1654
2320127002,2016-04-11,11230,2206
2320127002,2016-04-23,5079,1804
2320127002,2016-05-10,6227,1899
2320127002,2016-04-08,3417,1625
2320127002,2016-04-13,7275,2003
2320127002,2016-04-07,1846,1508
2320127002,2016-04-05,4931,1708
2320127002,2016-04-28,1532,1473
2320127002,2016-04-09,4863,1772
2320127002,2016-04-24,4165,1725
2320127002,2016-05-06,4878,1742
2320127002,2016-04-16,5057,1724
2320127002,2016-05-08,5161,1821
2320127002,2016-04-21,3404,1610
2320127002,2016-05-12,2661,1125
2320127002,2016-04-14,3973,1696
2320127002,2016-04-19,5997,1811
2320127002,2016-05-07,7379,1972
2320127002,2016-04-17,6198,1852
2320127002,2016-05-05,5202,1780
2320127002,2016-05-04,1201,1426
2320127002,2016-04-18,6559,1905
2320127002,2016-04-20,7192,1922
2320127002,2016-04-30,4571,1779
2320127002,2016-04-22,5583,1851
2320127002,2016-04-12,10725,2124
2320127002,2016-05-01,772,1403
2320127002,2016-04-29,924,1410
2320127002,2016-05-02,3634,1613
2320127002,2016-04-15,5205,1801
2320127002,2016-04-26,3409,1632
2320127002,2016-05-03,7443,1878
2320127002,2016-04-06,6999,1950
2320127002,2016-04-27,1715,1481
2320127002,2016-04-10,2277,1530
2347167796,2016-04-18,8247,1944
2347167796,2016-04-23,16901,2629
2347167796,2016-04-03,7485,2035
2347167796,2016-04-15,10465,2133
2347167796,2016-04-11,10001,2009
2347167796,2016-04-12,10113,2344
2347167796,2016-04-25,9482,2095
2347167796,2016-04-13,10352,2038
2347167796,2016-03-30,10533,2187
2347167796,2016-04-05,10114,2096
2347167796,2016-04-19,6711,2346
2347167796,2016-04-20,10999,2198
2347167796,2016-04-26,5980,1861
2347167796,2016-03-29,10272,2041
2347167796,2016-03-31,6760,1929
2347167796,2016-04-24,9471,2187
2347167796,2016-04-07,10320,2338
2347167796,2016-04-10,10078,2164
2347167796,2016-04-22,7804,1946
2347167796,2016-04-01,8328,1935
2347167796,2016-04-08,10209,2104
2347167796,2016-04-06,11107,2058
2347167796,2016-04-09,16081,2488
2347167796,2016-04-27,11423,2194
2347167796,2016-04-14,10129,2010
2347167796,2016-04-04,10254,2099
2347167796,2016-04-16,22244,2670
2347167796,2016-04-29,42,403
2347167796,2016-04-28,5439,1854
2347167796,2016-04-17,5472,1882
2347167796,2016-04-21,10080,2048
2347167796,2016-04-02,15459,2438
2873212765,2016-05-06,7063,1910
2873212765,2016-04-13,7618,2004
2873212765,2016-05-09,7726,1906
2873212765,2016-04-30,8452,1830
2873212765,2016-05-02,7525,1878
2873212765,2016-05-12,7566,1431
2873212765,2016-05-10,8275,1962
2873212765,2016-04-17,2524,1529
2873212765,2016-04-08,7157,1944
2873212765,2016-04-19,7948,1956
2873212765,2016-04-03,7640,1845
2873212765,2016-04-06,7350,1910
2873212765,2016-04-20,9202,2094
2873212765,2016-04-12,8796,1982
2873212765,2016-04-23,9317,2021
2873212765,2016-04-10,5290,1724
2873212765,2016-04-28,7913,1835
2873212765,2016-04-09,14103,2257
2873212765,2016-04-05,8432,1953
2873212765,2016-05-07,4940,1897
2873212765,2016-04-02,2214,1559
2873212765,2016-05-05,8314,1971
2873212765,2016-05-11,6440,1826
2873212765,2016-04-11,7497,1741
2873212765,2016-04-15,8482,2063
2873212765,2016-05-01,7399,1739
2873212765,2016-04-29,7365,1780
2873212765,2016-04-27,3516,1966
2873212765,2016-05-04,8278,2015
2873212765,2016-04-16,9685,2148
2873212765,2016-04-21,8859,1970
2873212765,2016-04-01,890,1335
2873212765,2016-05-03,7412,1906
2873212765,2016-04-04,9713,2046
2873212765,2016-05-08,8168,2096
2873212765,2016-04-18,7762,1890
2873212765,2016-04-25,7373,1907
2873212765,2016-04-14,7910,1893
2873212765,2016-04-26,8242,1882
2873212765,2016-04-07,9353,2035
2873212765,2016-04-22,7286,2241
2873212765,2016-04-24,6873,1898
2891001357,2016-04-02,4126,2881
2891001357,2016-04-05,2063,1144
3372868164,2016-04-28,5512,1972
3372868164,2016-04-16,6905,1908
3372868164,2016-05-01,3077,1237
3372868164,2016-04-08,5551,1815
3372868164,2016-04-23,7396,1995
3372868164,2016-04-14,8844,2065
3372868164,2016-04-26,8283,2057
3372868164,2016-04-05,4460,1787
3372868164,2016-04-09,8827,2062
3372868164,2016-04-12,4747,1788
3372868164,2016-04-30,5250,1946
3372868164,2016-04-06,6406,2010
3372868164,2016-04-18,6798,2014
3372868164,2016-04-24,6731,1921
3372868164,2016-04-02,7625,2069
3372868164,2016-04-21,8857,2124
3372868164,2016-04-15,7451,1908
3372868164,2016-04-19,7711,1985
3372868164,2016-04-22,3843,1669
3372868164,2016-04-25,5995,2010
3372868164,2016-04-29,9135,2044
3372868164,2016-04-27,7904,2095
3372868164,2016-04-20,4880,1867
3372868164,2016-04-17,8199,1964
3372868164,2016-04-07,7392,2038
3372868164,2016-04-03,4706,1816
3372868164,2016-04-10,4662,1276
3372868164,2016-04-04,5861,1878
3372868164,2016-04-01,5785,1852
3372868164,2016-04-13,9715,2093
3977333714,2016-04-07,8422,1431
3977333714,2016-04-05,12303,1649
3977333714,2016-04-08,10226,1524
3977333714,2016-05-06,11677,1590
3977333714,2016-04-22,8911,1481
3977333714,2016-04-25,11177,1570
3977333714,2016-04-26,11388,1551
3977333714,2016-04-17,10415,1529
3977333714,2016-04-02,7618,1490
3977333714,2016-04-03,11508,1630
3977333714,2016-04-19,12414,1638
3977333714,2016-04-06,15425,1783
3977333714,2016-04-29,10645,1545
3977333714,2016-05-01,10414,1501
3977333714,2016-04-10,3573,1232
3977333714,2016-04-04,11943,1648
3977333714,2016-05-03,14335,1710
3977333714,2016-05-08,13585,1633
3977333714,2016-05-05,12312,1618
3977333714,2016-05-10,13072,1630
3977333714,2016-05-04,13559,1628
3977333714,2016-04-24,14112,1655
3977333714,2016-05-02,16520,1760
3977333714,2016-04-11,3108,1223
3977333714,2016-04-16,13459,1625
3977333714,2016-04-23,12058,1638
3977333714,2016-05-09,14687,1667
3977333714,2016-04-27,7193,1377
3977333714,2016-04-20,11658,1554
3977333714,2016-04-28,7114,1407
3977333714,2016-04-01,4499,1288
3977333714,2016-04-12,8856,1450
3977333714,2016-04-18,11663,1584
3977333714,2016-04-15,9010,1468
3977333714,2016-04-13,10035,1495
3977333714,2016-04-30,13238,1650
3977333714,2016-05-07,11550,1574
3977333714,2016-05-11,746,52
3977333714,2016-04-14,7641,1433
3977333714,2016-04-09,14583,1697
3977333714,2016-04-21,6093,1397
4020332650,2016-03-30,5400,3418
4020332650,2016-05-12,590,1120
4020332650,2016-03-29,4152,2976
4020332650,2016-04-14,108,2011
4020332650,2016-04-17,16,1990
4020332650,2016-04-12,8539,3654
4020332650,2016-03-31,7428,3439
4020332650,2016-03-12,5543,2990
4020332650,2016-03-28,2106,4010
4020332650,2016-03-16,12483,3830
4020332650,2016-04-04,6429,3118
4020332650,2016-05-05,11728,3429
4020332650,2016-04-15,1882,2951
4020332650,2016-03-21,8778,3348
4020332650,2016-05-11,3689,2645
4020332650,2016-04-03,6107,3313
4020332650,2016-04-01,5351,3338
4020332650,2016-05-07,6132,2975
4020332650,2016-05-03,4496,2828
4020332650,2016-03-14,3023,2570
4020332650,2016-04-18,62,1995
4020332650,2016-03-19,5702,2980
4020332650,2016-04-06,7476,3253
4020332650,2016-05-08,5862,3089
4020332650,2016-03-13,3226,2480
4020332650,2016-03-18,368,2024
4020332650,2016-03-20,10330,3728
4020332650,2016-04-09,7734,3264
4020332650,2016-03-26,4370,3444
4020332650,2016-03-25,5563,3681
4020332650,2016-05-04,10252,3879
4020332650,2016-03-17,8940,3706
4020332650,2016-04-11,2993,2507
4020332650,2016-05-10,5546,2926
4020332650,2016-03-22,6662,3162
4020332650,2016-03-27,7144,3510
4020332650,2016-05-02,475,2207
4020332650,2016-04-10,5129,2817
4020332650,2016-05-06,4369,2704
4020332650,2016-04-07,6581,3032
4020332650,2016-03-23,6309,3140
4020332650,2016-04-16,1982,3051
4020332650,2016-03-24,1951,1980
4020332650,2016-04-02,4299,2892
4020332650,2016-04-05,6880,2966
4020332650,2016-05-09,4556,2785
4020332650,2016-04-08,10480,4034
4020332650,2016-03-15,5906,3016
4057192912,2016-04-11,6801,2393
4057192912,2016-03-21,2660,1978
4057192912,2016-04-10,3434,2101
4057192912,2016-03-28,8,1778
4057192912,2016-03-30,5419,2259
4057192912,2016-03-23,7239,2484
4057192912,2016-03-22,5561,2296
4057192912,2016-03-24,7,1787
4057192912,2016-03-16,2139,1935
4057192912,2016-03-18,949,1870
4057192912,2016-03-29,5137,2293
4057192912,2016-04-07,4,1778
4057192912,2016-04-06,18,1780
4057192912,2016-04-15,3984,1527
4057192912,2016-04-08,8426,2360
4057192912,2016-04-12,5394,2286
4057192912,2016-04-13,5974,2306
4057192912,2016-04-09,1650,1952
4057192912,2016-03-27,2275,2005
4057192912,2016-03-14,8433,2453
4057192912,2016-03-20,44,1782
4319703577,2016-04-08,6544,2069
4319703577,2016-05-04,10429,2282
4319703577,2016-04-14,10210,2302
4319703577,2016-04-02,8405,2154
4319703577,2016-04-27,10780,2324
4319703577,2016-04-15,5664,1985
4319703577,2016-04-23,4935,1945
4319703577,2016-04-25,9259,2314
4319703577,2016-05-03,9648,2235
4319703577,2016-04-03,8223,2178
4319703577,2016-03-31,8144,2129
4319703577,2016-05-12,17,257
4319703577,2016-05-08,3672,1792
4319703577,2016-04-28,10817,2367
4319703577,2016-04-13,8204,2135
4319703577,2016-04-26,9899,2236
4319703577,2016-04-05,8359,2201
4319703577,2016-04-16,4744,1884
4319703577,2016-04-20,8954,2220
4319703577,2016-04-30,8221,2092
4319703577,2016-05-11,9129,2232
4319703577,2016-04-04,10067,2308
4319703577,2016-04-18,2276,1632
4319703577,2016-03-29,5643,1958
4319703577,2016-04-21,3702,1792
4319703577,2016-05-05,13658,2530
4319703577,2016-05-09,10378,2345
4319703577,2016-05-10,9487,2260
4319703577,2016-04-01,9343,2216
4319703577,2016-05-06,9524,2266
4319703577,2016-03-30,9043,2141
4319703577,2016-05-02,9261,2270
4319703577,2016-04-24,4081,1880
4319703577,2016-04-29,7990,2175
4319703577,2016-04-12,7753,2115
4319703577,2016-04-07,9130,2236
4319703577,2016-05-01,1251,1593
4319703577,2016-04-22,4500,1886
4319703577,2016-05-07,7937,2158
4319703577,2016-04-06,10946,2341
4319703577,2016-04-19,8925,2200
4319703577,2016-04-17,29,1464
4388161847,2016-05-10,10299,3061
4388161847,2016-05-05,9603,2899
4388161847,2016-04-27,11193,3074
4388161847,2016-04-18,11009,3274
4388161847,2016-05-09,10218,3013
4388161847,2016-04-15,8758,3066
4388161847,2016-04-16,6580,3073
4388161847,2016-05-02,10096,3147
4388161847,2016-04-29,9232,2979
4388161847,2016-04-26,9461,2929
4388161847,2016-05-07,22770,4022
4388161847,2016-05-01,10255,2926
4388161847,2016-04-23,13236,3306
4388161847,2016-05-06,13175,3425
4388161847,2016-04-24,10243,2885
4388161847,2016-04-30,12533,3283
4388161847,2016-04-19,10181,3015
4388161847,2016-04-12,10122,2955
4388161847,2016-04-22,12139,3544
4388161847,2016-05-08,17298,3934
4388161847,2016-04-28,10074,2969
4388161847,2016-04-20,10553,3083
4388161847,2016-04-25,12961,3288
4388161847,2016-04-17,4660,2572
4388161847,2016-05-11,10201,2954
4388161847,2016-05-03,12727,3290
4388161847,2016-04-13,10993,3092
4388161847,2016-04-21,10055,3069
4388161847,2016-04-14,8863,2998
4388161847,2016-05-12,3369,1623
4388161847,2016-05-04,12375,3162
4445114986,2016-04-18,6155,2248
4445114986,2016-04-04,2422,1935
4445114986,2016-04-25,3385,2070
4445114986,2016-05-04,2923,2070
4445114986,2016-04-12,3276,2113
4445114986,2016-05-02,6910,2336
4445114986,2016-04-26,6326,2291
4445114986,2016-04-28,4493,2203
4445114986,2016-05-01,5232,2246
4445114986,2016-04-30,6222,2363
4445114986,2016-04-09,4195,2210
4445114986,2016-05-08,7303,2423
4445114986,2016-04-14,3974,2194
4445114986,2016-05-05,3800,2120
4445114986,2016-04-11,5986,2297
4445114986,2016-04-27,7243,2361
4445114986,2016-04-22,6831,2432
4445114986,2016-04-08,5543,2303
4445114986,2016-03-29,2303,2010
4445114986,2016-05-03,7502,2421
4445114986,2016-03-31,4804,2227
4445114986,2016-04-20,2072,1974
4445114986,2016-04-29,4676,2196
4445114986,2016-05-06,4514,2211
4445114986,2016-05-10,3915,2181
4445114986,2016-04-05,4239,2217
4445114986,2016-04-07,6667,2335
4445114986,2016-04-13,2961,2095
4445114986,2016-04-01,3271,2133
4445114986,2016-04-24,5002,2247
4445114986,2016-04-15,7198,2496
4445114986,2016-04-16,3945,2180
4445114986,2016-04-23,4363,2149
4445114986,2016-05-07,5183,2123
4445114986,2016-04-06,6911,2374
4445114986,2016-04-02,5406,2317
4445114986,2016-04-10,6625,2424
4445114986,2016-05-11,9105,2499
4445114986,2016-05-12,768,1212
4445114986,2016-04-19,2064,1954
4445114986,2016-04-17,2268,1933
4445114986,2016-05-09,5275,2281
4445114986,2016-04-21,3809,2150
4445114986,2016-04-03,3146,2058
4445114986,2016-03-30,2600,2032
4558609924,2016-04-07,7998,2235
4558609924,2016-05-04,5232,1842
4558609924,2016-05-03,5267,1953
4558609924,2016-04-09,5512,1882
4558609924,2016-04-14,6799,1922
4558609924,2016-04-13,4978,1722
4558609924,2016-04-19,5401,1876
4558609924,2016-04-12,5135,1909
4558609924,2016-04-16,7289,1997
4558609924,2016-04-24,8563,2173
4558609924,2016-05-12,6307,1452
4558609924,2016-04-26,9148,2223
4558609924,2016-04-15,7795,2121
4558609924,2016-05-08,6543,2666
4558609924,2016-04-11,8828,2149
4558609924,2016-04-30,10319,2105
4558609924,2016-05-05,10611,2262
4558609924,2016-04-03,6176,1901
4558609924,2016-04-21,13743,2486
4558609924,2016-05-06,3755,1722
4558609924,2016-05-09,11451,2223
4558609924,2016-04-02,3183,1680
4558609924,2016-04-01,5336,1902
4558609924,2016-04-23,6890,2085
4558609924,2016-05-02,7891,2066
4558609924,2016-04-18,8940,2116
4558609924,2016-04-25,8095,2225
4558609924,2016-05-01,3428,1692
4558609924,2016-04-17,9634,2117
4558609924,2016-04-08,4195,1778
4558609924,2016-04-20,4803,1788
4558609924,2016-04-06,5668,1853
4558609924,2016-04-05,6799,1876
4558609924,2016-04-10,6263,1906
4558609924,2016-04-28,9451,2185
4558609924,2016-04-04,8205,2078
4558609924,2016-04-27,9557,2098
4558609924,2016-04-29,7833,1918
4558609924,2016-04-22,9601,2094
4558609924,2016-05-07,8237,1973
4558609924,2016-05-10,6435,1889
4558609924,2016-05-11,9108,2131
4702921684,2016-03-30,7583,2915
4702921684,2016-04-30,10144,3115
4702921684,2016-04-24,15050,3538
4702921684,2016-04-01,7165,2923
4702921684,2016-04-29,9930,3165
4702921684,2016-04-13,6877,2898
4702921684,2016-04-23,15126,3691
4702921684,2016-04-21,6530,2729
4702921684,2016-04-14,7860,2984
4702921684,2016-04-09,14002,3597
4702921684,2016-05-02,7245,2859
4702921684,2016-04-02,10328,3323
4702921684,2016-04-04,7810,2931
4702921684,2016-05-05,8614,3006
4702921684,2016-05-08,12857,3287
4702921684,2016-04-22,1664,2241
4702921684,2016-04-11,6499,2677
4702921684,2016-03-31,6963,2895
4702921684,2016-05-10,10613,3172
4702921684,2016-04-08,8184,2981
4702921684,2016-04-03,12116,3357
4702921684,2016-04-05,6670,2848
4702921684,2016-05-06,6943,2859
4702921684,2016-04-28,9023,3033
4702921684,2016-04-06,7605,2943
4702921684,2016-05-09,8232,2990
4702921684,2016-04-27,7047,2908
4702921684,2016-04-07,6585,2822
4702921684,2016-04-25,9167,3064
4702921684,2016-04-19,6708,2812
4702921684,2016-04-10,11135,3224
4702921684,2016-05-12,2752,1240
4702921684,2016-04-18,9105,3013
4702921684,2016-04-26,6108,2784
4702921684,2016-05-07,14370,3683
4702921684,2016-05-03,9454,3145
4702921684,2016-04-15,6506,2896
4702921684,2016-05-11,9810,3069
4702921684,2016-04-20,8793,3061
4702921684,2016-04-16,11140,3328
4702921684,2016-04-12,7213,2947
4702921684,2016-04-17,12692,3394
4702921684,2016-05-04,8161,3004
4702921684,2016-03-29,6506,2886
5553957443,2016-04-12,11596,2026
5553957443,2016-05-10,16358,2335
5553957443,2016-04-02,2937,1615
5553957443,2016-04-15,16556,2254
5553957443,2016-05-02,9769,1996
5553957443,2016-05-11,4926,1693
5553957443,2016-04-26,11886,2093
5553957443,2016-04-07,15444,2249
5553957443,2016-04-06,12252,2044
5553957443,2016-04-17,655,1397
5553957443,2016-04-05,11306,2086
5553957443,2016-05-09,11611,2272
5553957443,2016-04-03,1515,1481
5553957443,2016-04-29,12764,2169
5553957443,2016-04-24,1807,1507
5553957443,2016-05-08,6083,1762
5553957443,2016-05-12,3121,741
5553957443,2016-04-10,5594,1712
5553957443,2016-05-01,5164,1747
5553957443,2016-04-19,15482,2284
5553957443,2016-05-07,1868,1494
5553957443,2016-05-05,14331,2156
5553957443,2016-04-13,4832,1718
5553957443,2016-04-21,12346,2066
5553957443,2016-04-30,1202,1463
5553957443,2016-04-01,12409,2142
5553957443,2016-04-16,5771,1831
5553957443,2016-04-25,10946,2033
5553957443,2016-04-18,3727,1683
5553957443,2016-05-04,4249,1698
5553957443,2016-04-23,4112,1776
5553957443,2016-04-09,4599,1692
5553957443,2016-05-03,12848,2116
5553957443,2016-04-08,9938,2019
5553957443,2016-04-27,10538,1922
5553957443,2016-05-06,9632,1916
5553957443,2016-04-20,2713,1570
5553957443,2016-04-04,8921,1892
5553957443,2016-04-11,11906,2065
5553957443,2016-04-28,11393,1999
5553957443,2016-04-22,11682,2105
5553957443,2016-04-14,17022,2324
5577150313,2016-05-10,8869,3841
5577150313,2016-04-26,5325,3088
5577150313,2016-05-09,3421,2489
5577150313,2016-04-13,5077,2551
5577150313,2016-04-08,4363,2486
5577150313,2016-04-14,8596,4022
5577150313,2016-05-04,5206,2755
5577150313,2016-04-30,12363,4501
5577150313,2016-04-21,10830,4018
5577150313,2016-04-04,7401,3492
5577150313,2016-04-02,14873,4430
5577150313,2016-04-19,12574,3501
5577150313,2016-04-24,15764,4392
5577150313,2016-04-12,8135,3405
5577150313,2016-04-23,7638,3152
5577150313,2016-04-03,9917,3427
5577150313,2016-04-17,12231,4552
5577150313,2016-04-22,9172,3329
5577150313,2016-04-09,10494,3817
5577150313,2016-04-20,8330,3192
5577150313,2016-04-01,10461,3625
5577150313,2016-04-15,12087,4005
5577150313,2016-05-02,7439,3014
5577150313,2016-04-28,9841,3580
5577150313,2016-04-16,14269,4274
5577150313,2016-05-01,13368,4546
5577150313,2016-05-11,4038,1665
5577150313,2016-04-06,11080,3765
5577150313,2016-04-18,9893,3625
5577150313,2016-04-07,4499,2775
5577150313,2016-04-27,6805,3294
5577150313,2016-05-05,7550,3004
5577150313,2016-04-29,7924,3544
5577150313,2016-04-11,2862,1511
5577150313,2016-05-03,11045,3795
5577150313,2016-04-25,6393,3374
5577150313,2016-05-06,4950,2643
5577150313,2016-04-10,9776,3378
5577150313,2016-04-05,8964,3597
6117666160,2016-04-30,6987,2275
6117666160,2016-04-15,14019,2865
6117666160,2016-04-02,19658,2884
6117666160,2016-04-27,9411,2576
6117666160,2016-04-18,5153,2018
6117666160,2016-04-26,9543,2450
6117666160,2016-04-24,7623,2305
6117666160,2016-05-09,4477,1248
6117666160,2016-04-22,8206,2409
6117666160,2016-05-02,4933,2044
6117666160,2016-04-21,19542,4900
6117666160,2016-04-17,7150,2225
6117666160,2016-05-06,3365,1838
6117666160,2016-04-01,7444,2210
6117666160,2016-05-01,8915,2361
6117666160,2016-04-05,9910,2445
6117666160,2016-04-19,11135,2606
6117666160,2016-04-04,8468,2262
6117666160,2016-04-07,4853,1903
6117666160,2016-04-09,10789,2617
6117666160,2016-04-23,11495,2651
6117666160,2016-04-28,3403,1879
6117666160,2016-05-08,7328,2250
6117666160,2016-04-06,12409,2694
6117666160,2016-04-16,14450,2828
6117666160,2016-04-29,9592,2560
6117666160,2016-05-07,7336,2469
6117666160,2016-05-05,9799,2636
6117666160,2016-05-04,2997,1902
6117666160,2016-04-20,10449,2536
6117666160,2016-04-08,8955,2482
6290855005,2016-04-20,6361,2701
6290855005,2016-05-03,6047,2671
6290855005,2016-04-15,9501,2896
6290855005,2016-04-30,6744,2843
6290855005,2016-05-09,6277,2175
6290855005,2016-04-02,9548,3119
6290855005,2016-04-22,6238,2796
6290855005,2016-05-02,6781,2725
6290855005,2016-05-05,6339,2682
6290855005,2016-04-01,6633,2778
6290855005,2016-05-07,5510,2613
6290855005,2016-04-27,5565,2743
6290855005,2016-05-08,7706,2712
6290855005,2016-05-01,9837,3327
6290855005,2016-04-19,7142,2839
6290855005,2016-04-17,7851,3171
6290855005,2016-04-24,5896,2703
6290855005,2016-04-12,4562,2560
6290855005,2016-04-14,7671,2952
6290855005,2016-04-16,8301,2783
6290855005,2016-05-04,5832,2718
6290855005,2016-04-13,7142,2905
6290855005,2016-05-06,6116,2806
6290855005,2016-04-18,6885,2766
6290855005,2016-04-25,7802,2771
6290855005,2016-04-28,5731,2687
6391747486,2016-04-05,9766,2442
6391747486,2016-04-02,2101,2224
6391747486,2016-04-06,165,1849
6775888955,2016-04-20,10771,3727
6775888955,2016-05-06,4697,2496
6775888955,2016-04-13,4053,2400
6775888955,2016-04-16,4732,2225
6775888955,2016-04-08,4131,2584
6775888955,2016-04-05,9348,4286
6775888955,2016-04-30,2503,2280
6775888955,2016-04-03,1577,1977
6775888955,2016-04-22,637,1922
6775888955,2016-04-28,703,1993
6775888955,2016-04-18,8294,2798
6775888955,2016-04-25,6474,2484
6775888955,2016-04-17,2497,2067
6775888955,2016-04-07,13987,3856
6775888955,2016-04-14,5162,2507
6775888955,2016-04-01,7225,3065
6775888955,2016-04-06,11761,3920
6775888955,2016-04-09,14,787
6775888955,2016-04-15,1282,2127
6775888955,2016-05-07,1967,1032
6775888955,2016-04-24,2153,2053
6775888955,2016-04-26,7091,2584
6775888955,2016-05-01,2487,2319
6775888955,2016-05-03,9,1843
6775888955,2016-04-02,1988,2207
6962181067,2016-04-21,11835,2179
6962181067,2016-04-28,12627,2182
6962181067,2016-05-12,3587,928
6962181067,2016-05-01,5454,1740
6962181067,2016-04-03,12307,2055
6962181067,2016-04-16,13217,2173
6962181067,2016-04-29,10762,2254
6962181067,2016-04-17,10145,2027
6962181067,2016-04-13,5652,1718
6962181067,2016-05-03,12109,2072
6962181067,2016-04-11,12362,2188
6962181067,2016-04-04,18952,2437
6962181067,2016-05-08,4188,1659
6962181067,2016-04-19,10742,2046
6962181067,2016-04-23,20031,2571
6962181067,2016-03-30,15491,2244
6962181067,2016-05-04,10147,2086
6962181067,2016-05-09,12342,2105
6962181067,2016-05-07,6815,1947
6962181067,2016-04-25,13239,2194
6962181067,2016-05-10,15448,2361
6962181067,2016-04-02,12437,2115
6962181067,2016-04-24,5029,1705
6962181067,2016-05-02,12912,2162
6962181067,2016-04-06,12480,2170
6962181067,2016-04-20,13928,2174
6962181067,2016-04-18,11404,2039
6962181067,2016-04-10,10148,2100
6962181067,2016-04-27,10320,2034
6962181067,2016-04-08,14400,2188
6962181067,2016-04-07,13417,2244
6962181067,2016-04-22,10725,2086
6962181067,2016-04-30,10081,2002
6962181067,2016-04-05,12010,2158
6962181067,2016-05-05,10524,2066
6962181067,2016-05-11,6722,1855
6962181067,2016-04-26,10433,2012
6962181067,2016-05-06,5908,1850
6962181067,2016-04-14,1551,1466
6962181067,2016-04-09,12495,2231
6962181067,2016-03-31,14097,2188
6962181067,2016-04-01,10467,2014
6962181067,2016-04-12,10199,1994
6962181067,2016-04-15,5563,1756
7007744171,2016-05-02,13041,2642
7007744171,2016-04-26,15090,2939
7007744171,2016-04-28,15128,2836
7007744171,2016-04-04,15266,2886
7007744171,2016-04-30,3761,2051
7007744171,2016-05-05,15010,2933
7007744171,2016-04-15,5273,2098
7007744171,2016-04-20,15566,3096
7007744171,2016-04-07,14100,2840
7007744171,2016-04-03,16806,3086
7007744171,2016-04-08,12627,2871
7007744171,2016-04-25,18229,3055
7007744171,2016-04-12,14172,2937
7007744171,2016-04-09,10345,2613
7007744171,2016-04-19,14194,2812
7007744171,2016-05-03,14510,2976
7007744171,2016-05-01,5600,2225
7007744171,2016-04-11,12168,2871
7007744171,2016-04-02,10976,2575
7007744171,2016-04-05,12084,2676
7007744171,2016-04-13,12862,2742
7007744171,2016-04-01,11680,2573
7007744171,2016-04-29,20067,3180
7007744171,2016-04-18,14816,2832
7007744171,2016-04-23,8093,2284
7007744171,2016-04-21,13744,2763
7007744171,2016-04-10,10146,2700
7007744171,2016-05-06,11459,2553
7007744171,2016-04-27,13541,2830
7007744171,2016-04-22,15299,2889
7007744171,2016-04-06,13513,2811
7007744171,2016-04-16,4631,2076
7007744171,2016-04-17,8059,2383
7007744171,2016-04-14,11179,2668
7007744171,2016-04-24,11085,2667
7086361926,2016-04-02,87,1641
7086361926,2016-04-08,9634,2752
7086361926,2016-04-26,10387,2781
7086361926,2016-04-23,2817,1965
7086361926,2016-04-29,7881,2616
7086361926,2016-05-12,3789,1199
7086361926,2016-04-20,14365,2997
7086361926,2016-04-24,3520,2049
7086361926,2016-04-06,7352,2233
7086361926,2016-05-08,10677,2534
7086361926,2016-05-05,8564,2386
7086361926,2016-04-07,14604,2862
7086361926,2016-04-28,11584,2862
7086361926,2016-04-14,9123,2734
7086361926,2016-04-11,6242,2543
7086361926,2016-04-25,10091,2752
7086361926,2016-04-03,1949,1794
7086361926,2016-04-12,11317,2772
7086361926,2016-05-04,10988,2655
7086361926,2016-04-18,9827,2743
7086361926,2016-04-15,8585,2395
7086361926,2016-04-01,11463,2496
7086361926,2016-04-30,14560,2995
7086361926,2016-04-13,5813,2516
7086361926,2016-04-05,7478,2439
7086361926,2016-04-04,6101,2421
7086361926,2016-04-22,9753,2846
7086361926,2016-05-01,12390,2730
7086361926,2016-05-07,12827,2739
7086361926,2016-04-19,10688,2944
7086361926,2016-05-10,14433,2800
7086361926,2016-04-21,9469,2463
7086361926,2016-05-02,10052,2754
7086361926,2016-05-06,12461,2924
7086361926,2016-05-11,9572,2735
7086361926,2016-04-10,569,1799
7086361926,2016-04-16,31,1635
7086361926,2016-04-09,7338,2519
7086361926,2016-04-27,11107,2693
7086361926,2016-05-09,13566,2960
7086361926,2016-05-03,10288,2754
8053475328,2016-04-05,17167,3167
8053475328,2016-04-08,11693,2790
8053475328,2016-05-11,12209,2809
8053475328,2016-05-05,14990,2950
8053475328,2016-04-24,22988,3577
8053475328,2016-04-03,25701,3697
8053475328,2016-05-01,1170,1886
8053475328,2016-05-09,12465,2765
8053475328,2016-04-11,16064,3097
8053475328,2016-04-26,12685,2846
8053475328,2016-05-03,15484,3023
8053475328,2016-04-28,15447,3062
8053475328,2016-04-20,15108,3043
8053475328,2016-04-13,16433,3140
8053475328,2016-04-02,20188,3377
8053475328,2016-04-16,14549,2867
8053475328,2016-04-10,10118,2684
8053475328,2016-04-21,16057,3103
8053475328,2016-04-19,15929,3114
8053475328,2016-04-04,17395,3209
8053475328,2016-04-30,7135,2408
8053475328,2016-04-25,20500,3403
8053475328,2016-05-06,13953,2859
8053475328,2016-05-07,19769,3331
8053475328,2016-05-02,1969,1988
8053475328,2016-04-14,20159,3411
8053475328,2016-04-18,17076,3133
8053475328,2016-04-27,12422,2852
8053475328,2016-04-29,12315,2794
8053475328,2016-04-07,17078,3176
8053475328,2016-04-12,18060,3186
8053475328,2016-05-10,14810,2926
8053475328,2016-04-06,16435,3122
8053475328,2016-04-17,18827,3213
8053475328,2016-04-09,11159,2715
8053475328,2016-04-23,22359,3554
8053475328,2016-04-22,10520,2655
8053475328,2016-05-12,4998,1505
8053475328,2016-04-15,20669,3410
8053475328,2016-05-04,14581,2918
8053475328,2016-05-08,22026,3589
8253242879,2016-04-12,9033,2044
8253242879,2016-04-21,11268,2218
8253242879,2016-04-23,9282,2132
8253242879,2016-04-22,2824,1651
8253242879,2016-04-07,5181,1776
8253242879,2016-04-13,8053,1935
8253242879,2016-04-27,10232,2008
8253242879,2016-04-18,5151,1829
8253242879,2016-04-06,1931,1607
8253242879,2016-04-08,12026,2162
8253242879,2016-04-14,5234,1705
8253242879,2016-04-09,5360,1832
8253242879,2016-04-16,9256,1880
8253242879,2016-04-24,8905,1976
8253242879,2016-04-20,6466,1931
8253242879,2016-04-28,2718,1580
8253242879,2016-04-11,1636,1377
8253242879,2016-04-26,4562,1813
8253242879,2016-04-15,2672,1632
8253242879,2016-04-19,4212,1763
8253242879,2016-04-17,10204,2112
8253242879,2016-04-25,6829,1909
8253242879,2016-04-10,2545,1657
8253242879,2016-04-29,6260,1854
8378563200,2016-04-01,14179,3669
8378563200,2016-05-07,4468,2799
8378563200,2016-04-24,3703,2741
8378563200,2016-05-02,6064,3491
8378563200,2016-05-10,6582,3586
8378563200,2016-05-03,8712,3784
8378563200,2016-05-06,7045,3644
8378563200,2016-04-10,2631,2624
8378563200,2016-04-03,9152,3304
8378563200,2016-05-01,11419,3369
8378563200,2016-04-18,13630,4157
8378563200,2016-04-21,15148,4236
8378563200,2016-04-29,6175,2982
8378563200,2016-04-26,16208,3763
8378563200,2016-04-09,2240,2606
8378563200,2016-05-12,4561,1976
8378563200,2016-04-06,9124,3798
8378563200,2016-04-02,3358,2702
8378563200,2016-04-14,13318,4163
8378563200,2016-04-19,13070,4092
8378563200,2016-04-16,11207,3363
8378563200,2016-04-25,12405,4005
8378563200,2016-04-11,8837,3775
8378563200,2016-05-08,2943,2685
8378563200,2016-04-08,8350,3713
8378563200,2016-04-04,13935,4234
8378563200,2016-04-28,5417,2884
8378563200,2016-04-13,12386,4079
8378563200,2016-04-20,9388,3787
8378563200,2016-04-05,12846,4128
8378563200,2016-04-07,9725,3839
8378563200,2016-04-22,12200,4044
8378563200,2016-04-27,7359,3061
8378563200,2016-05-05,8567,3783
8378563200,2016-04-12,7626,3635
8378563200,2016-05-11,9143,3788
8378563200,2016-04-17,2132,2572
8378563200,2016-04-15,14461,3666
8378563200,2016-04-30,2946,2660
8378563200,2016-05-04,7875,3110
8378563200,2016-04-23,5709,2908
8378563200,2016-05-09,8382,3721
8583815059,2016-04-18,3864,2536
8583815059,2016-05-07,6117,2810
8583815059,2016-04-30,10085,3164
8583815059,2016-05-11,8701,2804
8583815059,2016-04-13,5571,2654
8583815059,2016-05-02,8469,2894
8583815059,2016-04-23,9423,3012
8583815059,2016-05-10,8240,2846
8583815059,2016-04-17,3008,2439
8583815059,2016-04-24,8286,2889
8583815059,2016-04-20,5273,2647
8583815059,2016-04-19,5697,2668
8583815059,2016-05-09,9877,2947
8583815059,2016-04-07,2816,2437
8583815059,2016-04-01,2174,2360
8583815059,2016-05-05,12427,3266
8583815059,2016-04-03,2380,2400
8583815059,2016-05-03,12015,3212
8583815059,2016-04-05,6835,2786
8583815059,2016-05-08,9217,2940
8583815059,2016-05-01,4512,2596
8583815059,2016-04-14,3135,2443
8583815059,2016-04-02,3494,2517
8583815059,2016-04-29,15168,3513
8583815059,2016-05-04,3588,2516
8583815059,2016-04-28,6174,2757
8583815059,2016-04-04,3159,2462
8583815059,2016-04-26,10499,3093
8583815059,2016-04-12,5014,2650
8583815059,2016-04-08,1408,1814
8583815059,2016-04-16,5319,2693
8583815059,2016-04-27,12474,3142
8583815059,2016-05-06,5843,2683
8583815059,2016-04-25,4503,2547
8583815059,2016-04-15,3430,2505
8583815059,2016-04-21,8538,2883
8583815059,2016-04-22,8687,2944
8583815059,2016-04-06,2098,2354
8792009665,2016-04-03,7238,2667
8792009665,2016-04-26,1321,1928
8792009665,2016-04-21,144,1720
8792009665,2016-04-08,1467,1953
8792009665,2016-05-04,2283,2067
8792009665,2016-04-07,1291,1961
8792009665,2016-04-13,1320,1934
8792009665,2016-05-01,1619,1962
8792009665,2016-04-09,1022,1890
8792009665,2016-04-20,3147,2188
8792009665,2016-04-30,7174,2896
8792009665,2016-04-24,400,1799
8792009665,2016-04-01,4592,2260
8792009665,2016-04-14,1219,1963
8792009665,2016-04-16,244,1721
8792009665,2016-04-04,3821,2229
8792009665,2016-04-02,8452,3004
8792009665,2016-04-06,2121,2114
8792009665,2016-05-02,1831,2015
8792009665,2016-04-22,4068,2419
8792009665,2016-04-15,2483,2009
8792009665,2016-05-03,2421,2297
8792009665,2016-04-05,2332,2100
8792009665,2016-04-10,4605,2253
8792009665,2016-04-23,5245,2748
8792009665,2016-04-29,8360,3101
8792009665,2016-04-12,2564,2044
8792009665,2016-04-28,6157,2780
8792009665,2016-04-27,1758,2067
8792009665,2016-04-11,178,1725
8877689391,2016-04-24,16674,3455
8877689391,2016-04-18,11423,2761
8877689391,2016-05-04,18193,3477
8877689391,2016-04-08,23014,4196
8877689391,2016-04-13,15337,3566
8877689391,2016-05-11,21420,3832
8877689391,2016-04-03,15260,3864
8877689391,2016-04-07,10910,2947
8877689391,2016-05-09,20226,3710
8877689391,2016-04-25,12986,3802
8877689391,2016-05-03,10818,2817
8877689391,2016-05-01,10930,2786
8877689391,2016-04-27,23629,3808
8877689391,2016-05-05,14055,3052
8877689391,2016-05-08,10686,2847
8877689391,2016-05-12,8064,1849
8877689391,2016-04-15,13422,3934
8877689391,2016-04-09,16470,3841
8877689391,2016-04-23,11200,3891
8877689391,2016-04-10,28497,4526
8877689391,2016-04-11,10622,2820
8877689391,2016-05-10,10733,2832
8877689391,2016-04-12,23186,3921
8877689391,2016-04-16,29326,4547
8877689391,2016-04-29,9733,2698
8877689391,2016-04-19,18785,3676
8877689391,2016-04-05,10695,2834
8877689391,2016-04-17,15118,3545
8877689391,2016-04-30,27745,4398
8877689391,2016-04-01,18700,3527
8877689391,2016-04-14,21129,3793
8877689391,2016-04-26,11101,2860
8877689391,2016-04-28,14890,3060
8877689391,2016-04-22,18258,3427
8877689391,2016-05-07,12332,4142
8877689391,2016-05-02,4790,2189
8877689391,2016-04-20,19948,3679
8877689391,2016-05-06,21727,4015
8877689391,2016-04-04,20779,3662
8877689391,2016-04-06,24136,4039
8877689391,2016-04-21,19377,3659
8877689391,2016-04-02,27572,4220
1503960366,2016-05-12,0,0
1844505072,2016-05-10,0,1347
1844505072,2016-05-09,0,1347
1844505072,2016-05-12,0,665
1844505072,2016-05-08,0,1347
1844505072,2016-04-05,0,1347
1844505072,2016-05-11,0,1347
1844505072,2016-04-24,0,1347
1844505072,2016-04-25,0,1347
1844505072,2016-05-07,0,1347
1844505072,2016-04-04,0,1347
1844505072,2016-04-26,0,1347
1844505072,2016-05-02,0,1348
1927972279,2016-05-09,0,2063
1927972279,2016-04-17,0,2063
1927972279,2016-04-19,0,2063
1927972279,2016-04-21,0,2064
1927972279,2016-04-27,0,2063
1927972279,2016-05-11,0,2063
1927972279,2016-05-10,0,2063
1927972279,2016-05-12,0,1383
1927972279,2016-04-16,0,2064
1927972279,2016-04-29,0,2063
1927972279,2016-05-08,0,2063
1927972279,2016-04-30,0,2064
1927972279,2016-05-05,0,2063
1927972279,2016-04-20,0,2063
2320127002,2016-04-04,0,1324
2320127002,2016-04-02,0,1324
2320127002,2016-04-01,0,1324
2320127002,2016-04-03,0,1324
2891001357,2016-03-30,0,1920
2891001357,2016-03-29,0,1920
2891001357,2016-04-03,0,1920
2891001357,2016-04-01,0,4562
2891001357,2016-04-04,0,1920
2891001357,2016-03-31,0,1920
4020332650,2016-04-22,0,1980
4020332650,2016-04-25,0,1980
4020332650,2016-04-26,0,1980
4020332650,2016-04-28,0,1980
4020332650,2016-04-20,0,1980
4020332650,2016-04-13,0,1981
4020332650,2016-05-01,0,1980
4020332650,2016-04-19,0,1980
4020332650,2016-04-24,0,1980
4020332650,2016-04-30,0,1980
4020332650,2016-04-21,0,1980
4020332650,2016-04-27,0,1980
4020332650,2016-04-29,0,1980
4020332650,2016-04-23,0,1980
4057192912,2016-04-04,0,1776
4057192912,2016-04-14,0,1776
4057192912,2016-03-17,0,1776
4057192912,2016-03-26,0,1776
4057192912,2016-04-05,0,1776
4057192912,2016-04-01,0,1776
4057192912,2016-03-12,0,1777
4057192912,2016-03-25,0,1776
4057192912,2016-03-15,0,1776
4057192912,2016-03-13,0,1777
4057192912,2016-03-31,0,1776
4057192912,2016-04-02,0,1776
4057192912,2016-04-03,0,1776
4057192912,2016-03-19,0,1777
4319703577,2016-04-09,0,0
4388161847,2016-04-03,0,1878
4388161847,2016-04-04,0,1878
4388161847,2016-04-02,0,1878
4388161847,2016-04-05,0,1296
4388161847,2016-03-30,0,1878
4388161847,2016-03-29,0,1878
4388161847,2016-04-01,0,1878
4388161847,2016-03-31,0,1878
4702921684,2016-05-01,0,2017
5577150313,2016-05-07,0,1819
5577150313,2016-05-08,0,1819
6117666160,2016-04-25,0,1497
6117666160,2016-04-03,0,1496
6117666160,2016-04-14,0,1496
6117666160,2016-04-12,0,1496
6117666160,2016-05-03,0,1496
6117666160,2016-04-13,0,1496
6117666160,2016-04-10,0,0
6290855005,2016-04-03,0,2664
6290855005,2016-04-26,0,2060
6290855005,2016-04-09,0,2060
6290855005,2016-04-23,0,2664
6290855005,2016-04-10,0,735
6290855005,2016-04-04,0,2060
6290855005,2016-05-10,0,0
6290855005,2016-04-08,0,2060
6290855005,2016-04-21,0,2060
6290855005,2016-04-06,0,2060
6290855005,2016-04-05,0,2060
6290855005,2016-04-29,0,2060
6290855005,2016-04-07,0,2060
6391747486,2016-04-09,0,251
6391747486,2016-04-08,0,1820
6391747486,2016-04-04,0,1820
6391747486,2016-04-03,0,1820
6391747486,2016-04-07,0,1822
6391747486,2016-04-01,0,1820
6775888955,2016-04-19,0,1841
6775888955,2016-05-04,0,1841
6775888955,2016-04-29,0,1841
6775888955,2016-05-05,0,1841
6775888955,2016-04-04,0,1841
6775888955,2016-04-27,0,1841
6775888955,2016-04-23,0,1841
6775888955,2016-04-12,0,1841
6775888955,2016-05-02,0,1841
6775888955,2016-04-21,0,1841
7007744171,2016-05-07,0,120
7007744171,2016-05-04,0,1557
7086361926,2016-04-17,0,1629
8253242879,2016-04-03,0,1429
8253242879,2016-04-30,0,0
8253242879,2016-04-01,0,1429
8253242879,2016-04-02,0,1429
8253242879,2016-04-04,0,1429
8253242879,2016-04-05,0,1429
8583815059,2016-05-12,0,0
8792009665,2016-05-09,0,1688
8792009665,2016-04-18,0,1688
8792009665,2016-04-25,0,1688
8792009665,2016-05-10,0,57
8792009665,2016-05-07,0,1688
8792009665,2016-05-06,0,1688
8792009665,2016-04-19,0,1688
8792009665,2016-05-08,0,1688
8792009665,2016-05-05,0,1688
8792009665,2016-04-17,0,1688